project;phase;type;question;answer
synapse-l4;Optimization Pass — Hybrid Extraction Fast Path;Pattern;Why is the deterministic path tried first rather than the LLM?;EventHorizon is a typed TypeScript system — its events often already carry structured fields. Running the LLM on structured payloads wastes quota, adds latency, and introduces unnecessary probabilistic uncertainty. The LLM is only needed for genuinely unstructured text. Deterministic first, probabilistic as fallback is the correct cost ordering.
synapse-l4;Optimization Pass — Hybrid Extraction Fast Path;Anti-Pattern;What is the compounding failure mode of `instructor_max_retries=3` under high telemetry volume?;Each call to `extract()` on an unstructured payload can make up to `1 + max_retries` LLM API calls — 4 at the default. If the model consistently struggles with a payload shape, every event multiplies token consumption by 4. Combined with a high-frequency WebSocket stream, this exhausts quota orders of magnitude faster than single-call-per-event reasoning would suggest.
synapse-l4;Optimization Pass — Hybrid Extraction Fast Path;Challenge;What payload would pass `KeyError` protection but fail without `ValidationError` protection?;`{"status": "unknown", "metric_value": 1.0, "anomaly_score": 0.5}` — all three keys are present (no `KeyError`), but `"unknown"` is not a valid `Literal["nominal", "degraded", "critical"]`, so Pydantic raises `ValidationError`. Without the `ValidationError` catch, `_try_direct_extraction` would propagate a crash instead of returning `None` and falling through to the LLM.
synapse-l4;ADR-0016 Migration — Redis Streams Delivery;Pattern;What delivery guarantee does HTTP POST provide, and how does Redis Streams improve on it?;HTTP POST is at-most-once by default — if Sentinel-L7 is down, the message is lost. Redis Streams with consumer groups provides at-least-once: the message lives in the stream until a consumer explicitly ACKs it. If a worker crashes before ACKing, `XCLAIM` recovery reassigns the message to another worker.
synapse-l4;ADR-0016 Migration — Redis Streams Delivery;Pattern;Why is XADD non-blocking even under high Sentinel-L7 load?;XADD writes to the stream (an in-memory Redis data structure) and returns immediately. Sentinel-L7's processing speed is irrelevant to the producer — the stream acts as an elastic buffer. The producer and consumer are temporally decoupled.
synapse-l4;ADR-0016 Migration — Redis Streams Delivery;Pattern;Why not reuse Sentinel-L7's existing `transactions` stream?;`transactions` has its own consumer group, schema assumptions, and processing logic. Injecting Axioms there would require Sentinel-L7's transaction consumer to branch on message type — coupling two unrelated domains. A dedicated `synapse:axioms` stream gives each domain a clean consumer pipeline.
synapse-l4;ADR-0016 Migration — Redis Streams Delivery;Anti-Pattern;Name the failure mode that HTTP coupling introduces that Redis Streams eliminates.;Sentinel-L7 deploys a new version and restarts mid-stream. With HTTP: the in-flight emit fails with `ConnectionRefused`; Synapse-L4 raises `EmitError`; the Axiom is lost (no retry budget in Phase 4). With Redis Streams: XADD succeeds before the restart; the Axiom sits in the stream; Sentinel-L7 reads it after restart. The producer is oblivious to the consumer's lifecycle.
synapse-l4;ADR-0016 Migration — Redis Streams Delivery;Decision;Why catch `Exception` broadly in `post_axiom` instead of specific Redis exception types?;`redis.asyncio` can raise `ConnectionError`, `TimeoutError`, `ResponseError`, and others depending on the failure mode. Catching each type explicitly creates a brittle allowlist — a new Redis exception type would silently propagate uncaught. Broad catch + typed re-raise gives the caller a stable contract while retaining the original for debugging via `__cause__`.
synapse-l4;Phase 7 — Logfire Observation Layer;Pattern;What does "additive observability" mean in practice for this pipeline?;Each `logfire.span()` call wraps existing code without modifying it. If Logfire's SDK raises an unexpected error internally, it is caught by Logfire itself — it does not propagate to the pipeline. Observability is a side effect of the pipeline, not a dependency of it.
synapse-l4;Phase 7 — Logfire Observation Layer;Pattern;Why is verifying span attribute structure left to the Logfire UI rather than automated tests?;Span structure assertions would couple tests to Logfire's internal representation. If Logfire changes how attributes are stored or named, tests would break for non-functional reasons. What matters is that the pipeline behaves correctly — span content is an operational concern verified manually.
synapse-l4;Phase 6 — EventHorizon WebSocket Consumer;Pattern;Why is `asyncio.CancelledError` re-raised in the reconnection loop rather than caught and retried?;`CancelledError` means the task was cancelled by the caller (lifespan shutdown). Catching and retrying it would make the consumer impossible to stop gracefully. Every other exception is a transient failure worth retrying; `CancelledError` is an intentional termination signal.
synapse-l4;Phase 6 — EventHorizon WebSocket Consumer;Pattern;Why does a pipeline failure on one message not stop the consumer?;The consumer is a stream processor. EventHorizon sends hundreds of events — if one causes a `JudgeRejection`, the correct response is to log it, skip it, and process the next one. Crashing the consumer on a single bad event would require a full reconnect and potentially lose subsequent events during the gap.
synapse-l4;Phase 6 — EventHorizon WebSocket Consumer;Pattern;What would go wrong if the WebSocket consumer called `POST /ingest` over HTTP instead of calling pipeline functions directly?;It would depend on the HTTP server being up and reachable (localhost coupling), add latency for every event, and require a real server in consumer tests. The pipeline functions are importable independently — using them directly is simpler and correct.
synapse-l4;Phase 6 — EventHorizon WebSocket Consumer;Challenge;Why would `except Exception` in the reconnect loop accidentally give you graceful shutdown for free in Python 3.12?;It wouldn't — that's the point. `CancelledError` is `BaseException`, so it falls through `except Exception` and propagates up naturally. The explicit `except asyncio.CancelledError: raise` is documentation of intent: we know this signal exists, we're choosing to let it through, and we're not relying on accident of inheritance.
synapse-l4;Phase 5 — FastAPI Ingest Route;Pattern;Why mock `extract`, `judge`, and `emit` at the route level in tests rather than testing the full pipeline end-to-end?;Route tests verify the HTTP contract — correct status codes, correct error keys, correct response shape. If they tested the full pipeline, a failing LLM call would break a route test. Isolation means route tests are fast, deterministic, and don't require LLM credentials.
synapse-l4;Phase 5 — FastAPI Ingest Route;Pattern;Why are `ExtractionError` and `JudgeRejection` both 422 rather than different codes?;Both mean the pipeline could not produce a valid Axiom from the given input. From the caller's perspective, the remedy is the same: inspect the error, fix the input, retry. A 422 signals "unprocessable" — accurate for both. Giving them different codes would suggest different retry strategies where none exist.
synapse-l4;Phase 5 — FastAPI Ingest Route;Decision;Where is the structured error envelope actually consumed, and why does the shape matter?;By any client hitting `POST /ingest` — primarily Sentinel-L7. A client can branch on `body["error"] == "judge_rejected"` vs `"extraction_failed"` without parsing a nested string. `HTTPException` would wrap the body under `{"detail": {...}}`, forcing callers to unwrap one extra layer. The WebSocket consumer (Phase 6) bypasses HTTP entirely and calls the pipeline functions directly — it never sees these responses.
synapse-l4;Phase 4 — Emitter + Sentinel-L7 Client;Pattern;Why is `emitted_at` stamped in the Emitter rather than earlier in the pipeline?;`emitted_at` is a timestamp of when the validated Axiom was *delivered* to Sentinel-L7 — not when it was extracted or judged. The time between extraction and emission is non-trivial (Judge pass, potential retries). Stamping it at extraction time would produce a timestamp Sentinel-L7 can't trust as a delivery marker.
synapse-l4;Phase 4 — Emitter + Sentinel-L7 Client;Pattern;What is idempotent emission and why does it matter for a microservice pipeline?;Idempotent emission means delivering the same Axiom multiple times has the same effect as delivering it once. In a distributed system, retries are inevitable — networks fail, timeouts occur. Without deduplication keys (`source_id` + `emitted_at`), a retry would insert a duplicate record in Sentinel-L7. The Axiom carries its own identity so the receiver can make delivery safe.
synapse-l4;Phase 4 — Emitter + Sentinel-L7 Client;Pattern;Why use `respx` in `sentinel_test.py` rather than mocking `SentinelClient` directly?;`sentinel_test.py` tests the HTTP contract — that the correct URL is called, the correct payload is sent, and non-2xx responses raise `EmitError`. These are questions about the HTTP layer, not the pipeline. Mocking `SentinelClient` entirely would skip verifying that the client actually makes the right HTTP call.
synapse-l4;Phase 4 — Emitter + Sentinel-L7 Client;Challenge;Why must `respx` be activated before the `httpx.AsyncClient` is created?;`respx.mock` patches at the transport level — it intercepts requests made through `httpx.AsyncClient`. If the client is constructed before `respx.mock` is entered (e.g., as a class-level fixture), the mock has no effect and the test makes a real HTTP call. All `SentinelClient` tests that use `respx` must construct the client inside the `respx.mock` context.
synapse-l4;Phase 3 — Judge Pass + Business Rules;Pattern;Why is the Judge a separate stage rather than being embedded inside Instructor's retry loop via Pydantic validators?;Instructor retries when the LLM can't conform to the schema. Business rule violations are often not recoverable by retrying with the same input — they indicate ambiguous telemetry. Retrying wastes tokens. A separate Judge stage also produces a distinct error type (`JudgeRejection` vs. `ExtractionError`), making the failure reason unambiguous in logs and API responses.
synapse-l4;Phase 3 — Judge Pass + Business Rules;Pattern;What does the rule registry pattern enable that a long `if/elif` chain inside `judge()` does not?;Each rule is independently testable in isolation. New rules can be added without touching `judge.py`. The registry is readable as a list — rule ordering is explicit and auditable. An `if/elif` chain grows without bound and mixes concerns (rule logic with orchestration logic).
synapse-l4;Phase 3 — Judge Pass + Business Rules;Pattern;When would you change fail-fast to collect-all violations?;When the caller needs to fix all errors in one round-trip — e.g. a form validation UX. In a machine-to-machine pipeline like this one, the caller (Synapse-L4 API) returns a 422 and the LLM re-runs. Knowing there are two violations rather than one doesn't change that outcome.
synapse-l4;Phase 3 — Judge Pass + Business Rules;Decision;Why does `metric_value_finite` run before `anomaly_score_status_consistency`?;Structural validity before semantic consistency. You can't meaningfully ask "does this number's magnitude match the status?" if the number is NaN — the draft is already broken before business logic applies. Verifying a value is finite confirms it's a real measurement before checking what that measurement implies.
synapse-l4;Phase 3 — Judge Pass + Business Rules;Challenge;Why doesn't a `float` field in Pydantic v2 reject `NaN` or `Infinity`?;Pydantic validates Python types, not JSON-serialisability. `NaN` and `Infinity` are legal IEEE 754 floats in Python. JSON serialisation (`json.dumps`) rejects them because the JSON spec has no representation for them. The validation gap sits between the two layers — Pydantic's type system and the wire format — which is why a business rule in the Judge is the right place to close it.
synapse-l4;Phase 3 — Judge Pass + Business Rules;Challenge;What failure mode does `extra="forbid"` on `AxiomDraft` prevent?;An LLM hallucinating or being prompted to include `source_id` or `emitted_at` in its structured output — overwriting pipeline-assigned provenance with unverified values. `extra="forbid"` raises `ValidationError` on any field not explicitly declared on `AxiomDraft`, making the model's contract explicit and tamper-resistant.
synapse-l4;Phase 2 — AxiomDraft Model + Extractor Node;Pattern;Why does `AxiomDraft` not include `source_id` or `emitted_at`?;`source_id` is already known with certainty from `RawTelemetry` — asking the LLM to echo it back introduces a trust gap. `emitted_at` doesn't exist yet at extraction time; it's stamped at delivery. Letting the LLM set either would mean trusting a probabilistic model with data the pipeline already holds deterministically.
synapse-l4;Phase 2 — AxiomDraft Model + Extractor Node;Pattern;Why is the Instructor client constructed lazily (`_default_client()`) rather than at module import time?;Module-level client construction runs `OPENAI_API_KEY` validation at import. Any test that imports the extractor would require a valid API key in the environment, even tests that never make a real LLM call. Lazy construction keeps tests self-contained and fast.
synapse-l4;Phase 2 — AxiomDraft Model + Extractor Node;Pattern;What does `raise ExtractionError(...) from exc` do that `raise ExtractionError(...)` alone does not?;It sets `__cause__` on the new exception, explicitly linking it to the original. Python's traceback renderer prints both. Without it, the original exception is lost — you see `ExtractionError` in logs but not the underlying `APIConnectionError` that caused it.
synapse-l4;Phase 2 — AxiomDraft Model + Extractor Node;Challenge;What happens if you pass `source_id` to `AxiomDraft` without `extra="forbid"`?;Pydantic v2 silently ignores the unknown field by default. The model constructs successfully — the test would pass for the wrong reason. `extra="forbid"` makes the model actively reject unknown fields with a `ValidationError`.
synapse-l4;Phase 2 — AxiomDraft Model + Extractor Node;Decision;Why not just make `source_id` and `emitted_at` optional on `Axiom` instead of creating `AxiomDraft`?;Optional fields mean the Emitter could accidentally emit an `Axiom` with `source_id=None`. The type system cannot tell the difference between "draft Axiom awaiting promotion" and "complete Axiom ready for emission". Separate types make the pipeline stage contract explicit — `AxiomDraft` in, `Axiom` out.
synapse-l4;Phase 1 — Project Scaffold + Axiom Contract;Pattern;Why define `Axiom` in Phase 1 before any pipeline code exists?;Because every pipeline stage (Extract, Judge, Emit) depends on the same type. If each stage defined its own shape, schema drift between stages would be inevitable — and likely silent. `models/axiom.py` as the single source of truth prevents this class of bug structurally.
synapse-l4;Phase 1 — Project Scaffold + Axiom Contract;Pattern;Why is fail-fast configuration better than catching missing config at request time?;A service that starts but fails on the first request looks like a runtime bug. A service that refuses to start with a clear "field: sentinel_l7_url — field required" message is immediately debuggable. Fail-fast makes the deployment contract explicit.
synapse-l4;Phase 1 — Project Scaffold + Axiom Contract;Pattern;What is the difference between `frozen=True` in Pydantic and just not mutating the object by convention?;Convention is not enforced. Any function that receives an `Axiom` can mutate it, silently corrupting the verified state before emission. `frozen=True` raises `ValidationError` at the point of mutation — the error is immediate, located, and unambiguous. The type system enforces the invariant; documentation cannot.
synapse-l4;Phase 1 — Project Scaffold + Axiom Contract;Pattern;Why model pipeline errors as typed exception classes instead of returning result tuples like `(Axiom | None, str | None)`?;Result tuples require the caller to check a condition before using the value — and nothing enforces that check. A typed exception propagates through the call stack automatically and carries structured data. The distinction between `JudgeRejection` and `ExtractionError` at the API layer is only possible because they are different types.
synapse-l4;Phase 1 — Project Scaffold + Axiom Contract;Anti-Pattern;Name the failure mode that `frozen=True` prevents.;A pipeline stage downstream of the Judge mutates the Axiom (e.g., adds a computed field, normalises a value) and emits the modified object. The Judge never evaluated the mutated state. Sentinel-L7 receives data that was never validated. `frozen=True` makes this physically impossible.
synapse-l4;Phase 1 — Project Scaffold + Axiom Contract;Decision;Why does `POST /ingest` accept `RawTelemetry` rather than `Axiom`?;If the route accepted a fully-typed `Axiom`, the pipeline would be reduced to a pass-through — EventHorizon would have to pre-validate the data that Synapse-L4 exists to validate. The whole point of Synapse-L4 is the transformation from unstructured → structured. The entry point must accept unstructured input.
EventHorizon;Phase 1 — Foundation;Pattern;What does "Fail-Fast" mean in the context of application startup?;Validate all configuration and external inputs at the earliest boundary. If anything is invalid, crash immediately with a clear error rather than allowing corrupted state to propagate deeper into the system.
EventHorizon;Phase 1 — Foundation;Pattern;Why is `Number(process.env.PORT) || 3000` dangerous?;`Number("not-a-number")` returns `NaN`, which is falsy, so the default kicks in silently. You get no error and no indication the env var was malformed. Zod's `z.coerce.number()` + `safeParse` reports the exact field and reason.
EventHorizon;Phase 1 — Foundation;Pattern;What is a discriminated union and what problem does it solve?;A type that can be one of several shapes, distinguished by a shared literal field. It allows the type system to narrow to the correct shape when you check the discriminant field, eliminating the need for type casts and enabling exhaustive checks.
EventHorizon;Phase 1 — Foundation;Pattern;What is the discriminant field in EventHorizon's event schema?;The `"type"` field — a string literal `"pipeline" | "sensor" | "app"`. Zod's `z.discriminatedUnion("type", [...])` uses it to pick the correct schema during parse.
EventHorizon;Phase 1 — Foundation;Pattern;Why do we use `z.infer<typeof Schema>` instead of writing TypeScript interfaces manually?;`z.infer<>` derives the TypeScript type directly from the Zod schema, so they can never drift apart. A hand-written interface can silently diverge from its schema — the compiler won't catch it because they're separate declarations.
EventHorizon;Phase 1 — Foundation;Challenge;Why did adding `@types/node` to tsconfig `types` not fix the `process` not found error in TypeScript 6 + NodeNext?;TypeScript 6 + NodeNext treats files with imports/exports as ES modules. `@types/node` v25 declares globals inside `declare global {}` blocks, which only apply in ambient (non-module) context. The fix is an ambient declaration file (`global.d.ts`) with no imports/exports that has `/// <reference types="node" />`.
EventHorizon;Phase 1 — Foundation;Anti-Pattern;Why is `"lib": ["ES2022", "dom"]` a bad fix for missing `process` and `console` in a Node.js TypeScript project?;Adding `dom` imports the browser's type universe — `window`, `document`, `localStorage` etc. all typecheck silently. This is the Leaky Abstraction anti-pattern: the compiler can no longer catch accidental browser API usage in server code.
EventHorizon;Phase 2 — Server skeleton + Ingestion route;Pattern;What is the difference between London-school and Detroit-school TDD?;London-school (mockist) isolates each unit with mocks for its collaborators. Detroit-school (classicist) uses real implementations wherever possible, only mocking true external systems. London-school suits top-down builds; Detroit-school suits bottom-up.
EventHorizon;Phase 2 — Server skeleton + Ingestion route;Pattern;Why does the ingestion route return `202 Accepted` instead of `200 OK`?;202 means "received and handed off for async processing." 200 implies the work is complete. The event has only been queued — it hasn't been processed or stored yet.
EventHorizon;Phase 2 — Server skeleton + Ingestion route;Pattern;Where is the validation boundary in EventHorizon, and what does it guarantee?;`event.routes.ts` — the POST /events handler. It guarantees that any `AppEvent` value flowing into RabbitMQ or beyond has passed Zod schema validation. No downstream code needs to re-validate.
EventHorizon;Phase 2 — Server skeleton + Ingestion route;Challenge;Why did `"00000000-0000-0000-0000-000000000001"` fail Zod 4's UUID validator but would have passed Zod 3?;Zod 4 enforces RFC 4122 — the version nibble must be `1–8`. This UUID has version `0`, which is invalid. Zod 3 only checked the format (8-4-4-4-12 hex), not the version nibble. Always use a real v4 UUID in test fixtures.
EventHorizon;Phase 2 — Server skeleton + Ingestion route;Challenge;Why might `node --version` return v12 even though NVM default is set to v24?;NVM's default is applied by sourcing `~/.nvm/nvm.sh` via `.bash_profile`. Non-login shells (subprocesses, some terminal emulators) don't source `.bash_profile`, so the system Node takes precedence.
EventHorizon;Phase 3 — Processing Plane: RabbitMQ topology + publishEvent;Pattern;What three things must be true for a RabbitMQ message to survive a broker restart?;The exchange must be `durable: true`, the queue must be `durable: true`, and each message must be published with `persistent: true`. All three are required — any one missing means messages are lost on restart.
EventHorizon;Phase 3 — Processing Plane: RabbitMQ topology + publishEvent;Pattern;What does `channel.assertQueue()` do if the queue already exists?;It's a no-op if the arguments match exactly. If the arguments differ (e.g. the queue was declared without a DLX, now you're asserting one with a DLX), RabbitMQ throws `406 PRECONDITION_FAILED`. Safe to call on every startup; dangerous to change arguments on a live queue.
EventHorizon;Phase 3 — Processing Plane: RabbitMQ topology + publishEvent;Pattern;What happens in Node.js if an `'error'` event is emitted on an EventEmitter and no listener is registered?;Node.js throws the error as an uncaught exception, crashing the process. All `amqplib` Connection and Channel objects are EventEmitters — you must register `.on('error', handler)` on both, or a broker-side disconnect will crash the server.
EventHorizon;Phase 3 — Processing Plane: RabbitMQ topology + publishEvent;Anti-Pattern;Why is a module-level `await amqp.connect(...)` at the top of `queue.ts` an anti-pattern?;Top-level await runs on import, before mocks can be installed and regardless of test context. Any file that imports `queue.ts` will attempt a real network connection. The fix is to export a `connectQueue()` function — the module is inert on import, the caller controls when the connection is established.
EventHorizon;Phase 3 — Processing Plane: Worker + Processors;Pattern;How does RabbitMQ distribute messages across multiple consumers of the same queue?;Round-robin: each new message is delivered to the next consumer in rotation. Combined with `prefetch`, this ensures no single consumer is overwhelmed — the broker only delivers up to `prefetch` unacknowledged messages per consumer.
EventHorizon;Phase 3 — Processing Plane: Worker + Processors;Anti-Pattern;What is AMQP `basic.qos` / `channel.prefetch()` and why is it non-negotiable for production consumers?;It caps the number of unacknowledged messages the broker delivers to a single consumer. Without it, the broker floods one consumer with the entire queue. With it, messages are distributed proportionally to each consumer's ack rate — faster workers naturally receive more messages.
EventHorizon;Phase 3 — Processing Plane: Worker + Processors;Anti-Pattern;Why is `nack(msg, false, true)` (requeue=true) dangerous for retry logic?;It puts the failed message at the front of the queue (head-of-line blocking). A poison message that always fails will starve all other messages. The correct pattern is to ack the original and republish to the back of the queue with a retry counter in the headers.
EventHorizon;Phase 3 — Processing Plane: Worker + Processors;Pattern;Why does the worker ack AFTER writing to MongoDB, not before?;Acking before the write is "at-most-once" delivery: if the process crashes after the ack but before the write, the message is permanently lost — the broker thinks it was handled. Acking after the write is "at-least-once": a crash before the ack causes redelivery, and the idempotent insert absorbs the duplicate.
EventHorizon;Phase 3 — Processing Plane: Worker + Processors;Decision;Can a publisher and consumer share an AMQP connection?;Technically yes (AMQP multiplexes channels over one connection), but in practice they shouldn't when they're separate OS processes — they can't share in-memory objects. Even in the same process, separating connections isolates error domains: a publisher channel error won't affect in-flight consumer acks.
EventHorizon;Phase 3 — Processing Plane: Worker + Processors;Pattern;What does it mean for a function to be "pure" and why does it matter for a data pipeline?;A pure function has no side effects and returns the same output for the same input. In a pipeline, pure processors are trivially unit-testable (no mocks), composable (can be chained freely), and debuggable (reproduce any bug with a single function call and a fixture event).
EventHorizon;Phase 3 — Storage Plane;Pattern;Why does `saveEvent()` only swallow MongoDB error code 11000 — what's wrong with catching all `MongoServerError`?;A duplicate key (11000) is a known-safe condition — the event was already persisted on a prior delivery. All other `MongoServerError` types (auth failure, disk full, network drop) represent genuine write failures. Swallowing them would ack the message as if it succeeded, permanently losing it. Only catching 11000 means the Idempotent Receiver absorbs expected duplicates while real errors bubble up to the worker's retry/dead-letter logic.
EventHorizon;Phase 3 — Storage Plane;Pattern;Why must the worker connect to MongoDB *before* connecting to RabbitMQ?;If RabbitMQ connected first, the worker would start consuming messages before knowing whether it can persist them. A MongoDB failure at that point would cause acked messages to be lost. Connecting MongoDB first means a failed startup leaves messages safely in the broker queue — at-least-once delivery is preserved.
EventHorizon;Phase 3 — Storage Plane;Anti-Pattern;In the dead-letter path, why is `saveFailedEvent()` wrapped in `.catch()` instead of a try/catch block around both it and `ch.nack()`?;If `saveFailedEvent()` throws and the exception propagates, `ch.nack()` never runs. The message stays unacknowledged, blocking the prefetch window — head-of-line blocking. `.catch()` ensures the nack always fires regardless of MongoDB's availability. The MongoDB record is observability-only; the routing decision must be unconditional.
EventHorizon;Phase 3 — Storage Plane;Pattern;Why must `saveEvent()` be called before `ch.ack()`? What happens if you flip the order?;`ack` tells the broker to permanently delete the message. If you ack first and the write then fails, the message is gone — no retry, no dead-letter, permanently lost. Saving first means a failed write leaves the message unacknowledged, so the catch block can retry or dead-letter it. The Idempotent Receiver (unique index on `raw.id`) handles the case where the write succeeds but the ack is lost, causing redelivery — the second insert is a silent no-op.
EventHorizon;Phase 3 — Storage Plane;Anti-Pattern;Why is `event` declared as `let event: AppEvent | undefined` before the try block instead of `const event` inside it?;`const` inside a try block is scoped to that block — unreachable in catch. The dead-letter path needs to call `saveFailedEvent(event)`, but only if we successfully parsed a valid event (parsing failure means there's nothing to save). Hoisting with `let event: AppEvent | undefined` and guarding with `if (event !== undefined)` solves both the scope problem and the parsing-failure case.
EventHorizon;Phase 4 — Observation Plane;Pattern;Why can't you open a change stream on a standalone MongoDB instance?;Change streams are built on the oplog — a capped collection that records every write operation, used for replication. A standalone instance has no replication and therefore no oplog. The `$changeStream` aggregation stage requires the oplog to exist, so MongoDB rejects it on standalone with a `MongoServerError`. Running as a single-node replica set (`--replSet rs0`) adds the oplog without requiring multiple nodes.
EventHorizon;Phase 4 — Observation Plane;Pattern;What does `directConnection=true` fix in a docker-compose MongoDB setup?;When a MongoDB replica set member reports itself to the driver during topology discovery, it uses its container hostname (e.g. `eventhorizon-mongo`), not `localhost`. The driver then tries to connect to that hostname, which isn't reachable from the host machine. `directConnection=true` tells the driver to skip topology discovery and connect directly to the URI's host (`localhost:27017`). Change streams still work because the node is a replica set member with an oplog.
EventHorizon;Phase 4 — Observation Plane;Pattern;How does the broadcast function handle a client that errors mid-send?;`socket.send()` is wrapped in a try/catch per client. If it throws, the client is removed from the Map and the loop continues to the next client. A single bad client never blocks the fan-out to the rest.
EventHorizon;Phase 4 — Observation Plane;Anti-Pattern;Why use `Map<WebSocket, boolean>` instead of `Set<WebSocket>` for tracking clients?;Fan-out only needs a Set — iterate and send. But zombie detection requires per-client state: "did this client respond to the last ping?" A Map stores both the socket and the `isAlive` flag in one structure. A Set would require a separate `Map<WebSocket, boolean>` anyway.
EventHorizon;Phase 4 — Observation Plane;Pattern;What does `heartbeat.unref()` do and why does it matter?;`setInterval` keeps the Node.js event loop alive as long as it's running. If the server is shutting down and all other handles (HTTP, WebSocket, MongoDB) are closed, the event loop would still block waiting for the next heartbeat tick. `.unref()` marks the timer as "background" — it fires normally while other handles are active, but won't prevent the process from exiting when everything else has closed.
EventHorizon;Phase 4 — Observation Plane;Decision;Why is the change stream wired into the server process rather than the worker process, even though the worker is the one writing to MongoDB?;The worker and server are separate OS processes with no shared memory. `broadcast()` holds live WebSocket client sockets that only exist in the server process — the worker can't call it. MongoDB acts as the decoupling boundary: the worker writes, the oplog records it, the server's change stream picks it up and fans out to clients. Putting the change stream in the worker would require a new IPC channel to reach the server's sockets — re-inventing a message bus that MongoDB's oplog already provides for free.
EventHorizon;Phase 6 — Bug Fix: Zod v4 UUID Validation;Challenge;Zod v4 rejects `00000000-0000-0000-0000-000000000001` as a UUID. Why?;RFC 4122 requires the 3rd group's leading nibble to be `[1-8]` (version) and the 4th group's leading nibble to be `[89abAB]` (variant). `00000000-0000-0000-0000-000000000001` has `0` in both positions. Zod v4 validates these bits strictly. Zod v3 accepted any UUID-shaped string. The only special-cased all-zero UUID is the exact nil UUID `00000000-0000-0000-0000-000000000000`.
EventHorizon;Phase 6 — Bug Fix: Zod v4 UUID Validation;Challenge;A worker test fails because `saveEvent` was never called, but your mock setup looks correct. What should you check first?;Check what happens *before* `saveEvent` is reached — specifically, whether the input passes schema validation. If Zod throws, the worker short-circuits and `saveEvent` is never invoked. The assertion failure ("called 0 times") looks like a mock problem but is actually an upstream parse failure. Always read the stderr output alongside the assertion failures.
EventHorizon;Phase 7 — Concepts: Node.js Event Loop Handle Ref-Counting;Pattern;What does `timer.unref()` do in Node.js?;It marks the timer as a background handle. It fires normally while other ref'd handles (sockets, I/O, other timers) are active, but it won't prevent the process from exiting when everything else has closed. The opposite, `timer.ref()`, re-registers it as a handle that keeps the event loop alive.
EventHorizon;Phase 7 — Concepts: Node.js Event Loop Handle Ref-Counting;Pattern;Why do the metrics interval and WebSocket heartbeat both call `.unref()`?;Both are maintenance timers — they serve the system while it's running but shouldn't own the process lifecycle. Without `.unref()`, they'd keep the event loop alive after all real work (HTTP, MongoDB, AMQP) has been shut down, preventing natural process exit. They're background workers, not owners.
EventHorizon;Phase 8 — Bug Fix: Credentials in fetch URLs;Challenge;Why does `fetch('http://user:pass@host/path')` throw in Node.js 18+?;The Fetch spec explicitly forbids credentials in URLs — they leak into logs, `Referer` headers, and browser history. Node's native fetch enforces this. The fix is to parse the URL with `new URL()`, extract `username` and `password`, and send `Authorization: Basic <base64(user:pass)>` as a header instead.
EventHorizon;Phase 8 — Bug Fix: Credentials in fetch URLs;Challenge;You set a config var like `RABBITMQ_MANAGEMENT_URL=http://guest:guest@localhost:15672`. It works in your shell with `curl` but breaks with `fetch`. Why?;`curl` predates the Fetch spec and happily accepts credentials in URLs. Node's native `fetch` (and browsers) implement the Fetch spec which bans them for security. Same URL, different client, different behaviour — always test HTTP calls with the actual client your code uses.
EventHorizon;Phase 9 — Change Stream Resume Token Recovery;Pattern;What is a MongoDB change stream resume token?;The `_id` field on every change stream event. It encodes the cursor's position in the replica set oplog. Pass it as `{ resumeAfter: token }` when reopening the stream to replay any events you missed since the cursor died.
EventHorizon;Phase 9 — Change Stream Resume Token Recovery;Pattern;Why does `countDocuments` survive a MongoDB restart but a change stream doesn't?;`countDocuments` creates a fresh connection and query on each call — the driver handles reconnection transparently. A change stream is a long-lived cursor pinned to an oplog position. When the cursor is invalidated, you must explicitly reopen it. There is no automatic reconnection for cursors.
EventHorizon;Phase 9 — Change Stream Resume Token Recovery;Anti-Pattern;The server is running, ping/pong is working, stats are updating — but no events appear in the feed. What's the most likely cause?;The change stream cursor died and was never restarted. Stats use `countDocuments` which reconnects automatically; the change stream cursor does not. Check server logs for `[changeStream] error` or `[changeStream] fatal error`. Restarting the server reopens the cursor.
EventHorizon;Phase 9 — Change Stream Resume Token Recovery;Decision;Your change stream recovery uses an in-memory resume token. What events does it protect against, and what does it not protect against?;It protects against transient cursor failures during a running server — MongoDB restarts, network blips, RS elections. It does not protect against a full server restart (the token is lost with the process). To survive server restarts, persist the token to disk or a key-value store and load it at startup.
EventHorizon;Phase 9 — Change Stream Resume Token Recovery;Challenge;You add a retry timer with `setTimeout`. The server shuts down while the timer is pending. What happens and how do you fix it?;The timer fires after MongoDB closes. `open()` calls `getDb()` on a dead connection. Fix: store the timer reference, set a `shuttingDown` flag before teardown, `clearTimeout` the pending timer, then close the stream. The flag prevents the error handler from scheduling new timers if the stream closes during shutdown.
EventHorizon;Phase 9 — Change Stream Resume Token Recovery;Decision;The resume token is updated *before* calling `onInsert`. If the server crashes between those two lines, what delivery guarantee applies to WebSocket broadcasts — and why is that acceptable?;At-most-once. The token has already advanced past the event, so `resumeAfter: lastToken` on restart skips it. That event is never broadcast. It's acceptable because the observation plane is a live-view overlay, not the source of truth. The event is already durably stored in MongoDB — written by the worker, ack'd, append-only. A missed broadcast means one event doesn't appear in the feed for that window. No data is lost.
sentinel-l7;Phase: Stream Simulator — sentinel:stream;Pattern;How does `sentinel:stream` handle CTRL-C without mid-write data corruption?;`pcntl_signal(SIGINT, ...)` sets a `$running = false` flag. The `while ($running)` loop finishes the current iteration naturally rather than being killed mid-XADD.
sentinel-l7;Phase: Stream Simulator — sentinel:stream;Pattern;Why use `SETNX` rather than checking the stream for the existing message ID?;Scanning a stream for a specific message ID requires `XRANGE` and is O(N). `SETNX` is O(1) and lives in a dedicated key namespace, keeping the check independent of stream length.
sentinel-l7;Phase: Stream Simulator — sentinel:stream;Anti-Pattern;Why should stream key strings be constants on a service class rather than repeated in commands?;A single source of truth. Renaming the key later means one change, not a grep through every command file.
sentinel-l7;Phase: Stream Simulator — sentinel:stream;Challenge;What happens if `pcntl` is not available when `sentinel:stream` runs?;The signal handlers are silently not registered. CTRL-C sends SIGINT directly to the process, which terminates immediately without a clean loop exit.
sentinel-l7;Phase: Real-time Watcher + Threat Analysis — sentinel:watch;Pattern;Why is `ThreatAnalysisService` kept as a rule-based service with no I/O?;It's the tier-3 fallback — it must return a result even if every upstream service is down. No network calls, no exceptions.
sentinel-l7;Phase: Real-time Watcher + Threat Analysis — sentinel:watch;Pattern;What value should you pass to `XREAD` on the very first call, and why does it change on subsequent calls?;Pass `$` on the first call to receive only *new* messages from that point forward. On subsequent calls, pass the ID of the last received message so you don't re-process anything already seen.
sentinel-l7;Phase: Real-time Watcher + Threat Analysis — sentinel:watch;Anti-Pattern;What happens if you pass `0` as the ID to every `XREAD` call in a watch loop?;You re-read every message from the beginning of the stream on every iteration. All historical transactions get reprocessed repeatedly.
sentinel-l7;Phase: Semantic Cache — Vectorize;Pattern;Why does the semantic cache use a text fingerprint rather than the transaction ID as its key?;To capture *similar* transactions, not just identical ones. Two different transactions with the same merchant, category, and amount tier should reuse the same compliance verdict — that's the whole point of semantic caching.
sentinel-l7;Phase: Semantic Cache — Vectorize;Pattern;What is the tier-3 fallback in the compliance pipeline, and when does it trigger?;`ThreatAnalysisService` (rule-based, no I/O). It triggers when either the embedding call or the vector search throws an exception — ensuring a verdict is always returned.
sentinel-l7;Phase: Semantic Cache — Vectorize;Pattern;Where are sentinel pipeline metrics stored, and how are they reset?;In Redis as plain key/value pairs via `Cache::increment`. Reset with `php artisan sentinel:reset-metrics`.
sentinel-l7;Phase: Semantic Cache — Vectorize;Anti-Pattern;What is the correct key to unwrap from an Upstash Vector query response?;`result` (singular). The response shape is `{"result": [{"id": ..., "score": ...}]}`. Using `results` (plural) returns null silently.
sentinel-l7;Phase: Semantic Cache — Vectorize;Anti-Pattern;Why was the exact `HH:MM` timestamp removed from the transaction fingerprint?;Two semantically identical transactions one minute apart would produce different fingerprints and never hit the cache. Time-of-day buckets (night/morning/afternoon/evening) preserve compliance-relevant time context without killing hit rate.
sentinel-l7;Phase: Semantic Cache — Vectorize;Challenge;What happens if you try to upsert a 1536-dimension vector into an Upstash namespace created for 768 dimensions?;Upstash returns a 400 error. Namespaces have a fixed dimension set at creation time. You must delete and recreate the namespace, or create a new one.
sentinel-l7;Phase: Semantic Cache — Vectorize;Challenge;When must `Http::fake()` be called relative to service instantiation in Laravel tests?;Before instantiation. `Http::fake()` swaps the underlying client at the facade level — if you construct the service first, it may capture a reference to the real client before the fake is registered.
sentinel-l7;Phase: Semantic Cache — Vectorize;Decision;Why is the semantic cache similarity threshold set to 0.95 rather than something lower like 0.80?;Conservative choice to avoid false positives. A transaction that's 80% similar could have compliance-relevant differences. The cost of a false positive (caching a safe verdict for a threat) is higher than the cost of a cache miss (redundant AI call). ADR-0015 tracks this.
sentinel-l7;Phase: Service Hardening — Retries, Timeouts, Observability;Pattern;How many times does `EmbeddingService::embed()` retry on failure, and what is the delay?;3 attempts, 200ms between each. On exhaustion the exception propagates to the pipeline's try/catch, triggering the tier-3 fallback.
sentinel-l7;Phase: Service Hardening — Retries, Timeouts, Observability;Pattern;What observability mechanism does Sentinel use for transient service failures (embedding, vector search)?;`Log::warning` with structured context (service name, error message). No dedicated APM — logs are the primary signal.
sentinel-l7;Phase: Service Hardening — Retries, Timeouts, Observability;Anti-Pattern;What is the risk of not setting a timeout on `Http::post()` calls to external APIs?;The worker process blocks indefinitely on a hung connection. In a `while(true)` daemon loop, this silently stalls all subsequent transactions.
sentinel-l7;Phase: Service Hardening — Retries, Timeouts, Observability;Challenge;How do you test retry logic in Laravel without slowing down the test suite with real sleep delays?;Use `Http::sequence()` to return a series of fake responses — failures first, then a success. The service retries against the sequence without any real network or sleep.
sentinel-l7;Phase: Vue 3 → React 19 + shadcn/ui Migration;Pattern;Why does `app.js` use `React.createElement` instead of JSX?;The Blade `@vite()` directive references the file by its literal filename. `.js` files aren't processed as JSX by Vite unless explicitly configured. Using `React.createElement` in the entry point avoids needing to rename it to `app.jsx` and reconfigure the blade template.
sentinel-l7;Phase: Vue 3 → React 19 + shadcn/ui Migration;Pattern;What breaks if `@vite(...)` appears before `@viteReactRefresh` in `app.blade.php`?;React Fast Refresh (HMR) stops working. The refresh runtime must be injected before the app bundle loads.
sentinel-l7;Phase: Vue 3 → React 19 + shadcn/ui Migration;Pattern;Why is `jsconfig.json` required in a non-TypeScript project using shadcn?;The shadcn CLI uses it to resolve the `@` path alias when scaffolding component files. Without it, the CLI can't determine where `@/components/ui/` maps to on disk.
sentinel-l7;Phase: Vue 3 → React 19 + shadcn/ui Migration;Pattern;In Tailwind v4, where does the theme configuration live?;In CSS, inside an `@theme inline { ... }` block in `app.css`. There is no `tailwind.config.js` in a v4 project.
sentinel-l7;Phase: Vue 3 → React 19 + shadcn/ui Migration;Anti-Pattern;What is the symptom of calling `createInertiaApp` twice in `app.js`?;The Inertia app mounts twice on the same DOM node, causing React reconciliation errors and double-rendering in development.
sentinel-l7;Phase: Vue 3 → React 19 + shadcn/ui Migration;Challenge;Where do shadcn components live after `npx shadcn@latest add <component>`?;In `resources/js/components/ui/` as first-party source files committed to the repo — not in `node_modules`. They are owned and customized in-repo.
sentinel-l7;Phase: Auth + Shared Props + Dashboard + Arch Tests;Pattern;How do you make data available to every Inertia page without passing it from every controller action?;Add it to the `share()` method in `HandleInertiaRequests` middleware. It's merged into every Inertia response automatically.
sentinel-l7;Phase: Auth + Shared Props + Dashboard + Arch Tests;Pattern;What does an arch test assertion like `->not->toUse('Illuminate\Support\Facades\Http')` actually check?;At test-run time, Pest's architecture plugin inspects the compiled PHP AST to verify no class in the target namespace imports or calls the specified facade. It's a static analysis check, not a runtime assertion.
sentinel-l7;Phase: Auth + Shared Props + Dashboard + Arch Tests;Pattern;Where do feature flags live in Sentinel-L7, and how are they toggled between environments?;`config/features.php`. Each flag reads from an env var (e.g., `FEATURE_SHOW_MCP_PANEL`). Defaults are `false` in production, `true` in development.
sentinel-l7;Phase: Auth + Shared Props + Dashboard + Arch Tests;Anti-Pattern;What is the downside of using `setInterval` polling for the live dashboard instead of a websocket?;Unnecessary HTTP requests when nothing has changed. At scale this adds server load and increases perceived latency vs. a push-based approach. Acceptable for a low-traffic dashboard; revisit with Laravel Echo + Reverb if needed.
sentinel-l7;Phase: Auth + Shared Props + Dashboard + Arch Tests;Challenge;Why must `DB_HOST` point to the non-pooler Neon endpoint?;Laravel's queue driver uses `SELECT ... FOR UPDATE SKIP LOCKED`. Neon's PgBouncer pooler doesn't support this advisory lock syntax and silently drops the jobs. ADR-0010 documents this.
sentinel-l7;Phase: Extract TransactionProcessorService;Pattern;What is the "Command → Service → Job" pattern, and why does it matter here?;The command handles I/O (stream reads, CLI output). The service holds business logic. The job wraps the service for async dispatch. All three exist as separate classes. Adding a third entry point (e.g., an HTTP endpoint) requires no changes to the service.
sentinel-l7;Phase: Extract TransactionProcessorService;Pattern;What does `$observe = false` do in `TransactionProcessorService::process()`?;Suppresses `Cache::increment` metric updates and Redis feed writes. The compliance analysis and vector cache upsert still run. Used by MCP tools so agent calls don't inflate dashboard metrics.
sentinel-l7;Phase: Extract TransactionProcessorService;Anti-Pattern;Why is it an anti-pattern to put compliance pipeline logic directly in an Artisan command's `handle()` method?;Commands are entry points, not services. Logic in `handle()` can only be tested by invoking the full command via `$this->artisan(...)`. Extracting to a service means the logic can be tested directly with a `new TransactionProcessorService(...)` call.
sentinel-l7;Phase: MCP Server;Pattern;What is the responsibility of an MCP tool class in Sentinel-L7?;Input validation, one service call, JSON response. No business logic. The tool is an entry point — the service owns the logic.
sentinel-l7;Phase: MCP Server;Pattern;What is the advantage of the MCP multi-hop pattern over sending a pre-built prompt to an AI?;The agent controls what context it includes. It can retrieve policy chunks relevant to the *specific* transaction before analyzing it, rather than receiving a generic prompt that may include irrelevant policy text.
sentinel-l7;Phase: MCP Server;Pattern;What middleware protects the `/mcp` endpoint, and what does `throttle:60,1` mean?;`throttle:60,1` — 60 requests per 1 minute per IP. It's the minimum viable rate limit for a public unauthenticated endpoint.
sentinel-l7;Phase: MCP Server;Anti-Pattern;What was the architectural issue with the original `SearchPolicies` tool?;It contained a raw HTTP call to Upstash, duplicating the client logic already in `VectorCacheService`. The fix was to add `searchNamespace()` to the service and delete the duplicate from the tool.
sentinel-l7;Phase: MCP Server;Anti-Pattern;Why would an MCP tool call inflate the Sentinel dashboard transaction count?;`TransactionProcessorService::process()` calls `Cache::increment(...)` and pushes to the Redis feed on every run. MCP tool calls from agents are not real user-originated transactions — passing `observe: false` suppresses these side effects.
sentinel-l7;Phase: MCP Server;Challenge;What ordering rule applies when using both `Http::fake()` and `Redis::shouldReceive()` in the same test?;Both must be registered before any service that uses them is instantiated or called. Set all fakes/mocks at the very top of the test, before any `new` calls or `$this->app->make()` resolution.
sentinel-l7;Phase: Fingerprint Bucketing;Pattern;Why use `match(true)` for bucketing instead of `if/elseif`?;`match(true)` is an expression (can be assigned), has no fall-through, and is exhaustive (requires a `default` arm or throws `UnhandledMatchError`). It's more concise and harder to accidentally omit a branch.
sentinel-l7;Phase: Fingerprint Bucketing;Pattern;How can you verify that amount bucketing is working correctly in a running development environment without writing a test?;Check the debug log. `EmbeddingService` logs the final fingerprint string via `Log::debug('[Sentinel] Fingerprint: ...')` each time one is generated.
sentinel-l7;Phase: Fingerprint Bucketing;Anti-Pattern;Why do exact dollar amounts in a fingerprint harm vector cache hit rate?;Two amounts that are semantically equivalent for compliance purposes (e.g., $9.99 and $10.01) produce different text strings, embed to different vectors, and never match above the similarity threshold. Bucketing collapses them to the same tier string.
sentinel-l7;Phase: Fingerprint Bucketing;Decision;Why were the five amount tiers chosen at those specific boundaries?;They map to compliance-relevant thresholds: sub-$10 micro-transactions (e.g., contactless tap), sub-$100 everyday spend, sub-$500 mid-range, sub-$2000 large purchase, $2000+ potentially CTR-relevant territory.
sentinel-l7;Phase: MCP Prompt Versioning;Pattern;Why is a `Tool::$description` string a prompt rather than documentation?;It's the text the agent reads when deciding which tool to use and how to call it. The wording directly affects tool selection, argument construction, and result interpretation — the same levers as any other prompt. Changes to it change model behaviour.
sentinel-l7;Phase: MCP Prompt Versioning;Pattern;Why is the policy retrieval threshold (0.70) lower than the semantic cache threshold (0.95)?;Different purposes. The cache threshold is for near-duplicate detection — two transactions must be nearly identical to share a cached verdict. The policy threshold is for topical retrieval — a compliance question and the policy paragraph that answers it embed at naturally lower similarity because they're different kinds of text.
sentinel-l7;Phase: Policy RAG — sentinel:ingest + Query Formulation;Pattern;Why chunk on paragraph boundaries rather than a fixed character or token count?;A paragraph is a semantic unit — splitting mid-paragraph produces chunks where the first half has no topic sentence and the second half has no conclusion. Paragraph-boundary chunking keeps ideas whole, which improves embedding quality and retrieval relevance.
sentinel-l7;Phase: Policy RAG — sentinel:ingest + Query Formulation;Pattern;Why does phrasing the RAG query as a natural-language question improve retrieval over embedding the raw event data?;Embedding models are trained on text where questions and their answers appear near each other. A question about "reporting requirements for critical anomalies" embeds in the same neighbourhood as policy chunks that describe those requirements. Raw telemetry (`status=critical, metric_value=94.0`) embeds near other telemetry strings, not policy text.
sentinel-l7;Phase: Policy RAG — sentinel:ingest + Query Formulation;Pattern;How does `GeminiDriver::buildQueryText()` make the retrieval score-aware?;It maps the `anomaly_score` float to a severity phrase via `match(true)` and injects that phrase into the query string. Different score bands produce different natural-language severity descriptions, which embed to different positions in the vector space and retrieve different policy chunks.
sentinel-l7;Phase: Policy RAG — sentinel:ingest + Query Formulation;Pattern;What Upstash Vector endpoint does `upsertNamespace` post to?;`/namespaces/{namespace}/upsert` — the same namespace path prefix as `/namespaces/{namespace}/query` used by `searchNamespace`.
sentinel-l7;Phase: Policy RAG — sentinel:ingest + Query Formulation;Anti-Pattern;What is the silent failure mode when the RAG query embeds to the wrong semantic space?;`searchNamespace` returns an empty array (all scores below threshold), `fetchPolicyContext` returns `[]` without logging anything, and `buildPrompt` substitutes `"No specific policy context retrieved."`. The pipeline completes successfully with no observable error — it just produces a lower-quality narrative.
sentinel-l7;Phase: Policy RAG — sentinel:ingest + Query Formulation;Anti-Pattern;What would happen if policy chunks were upserted into the default Upstash namespace instead of `policies`?;Transaction cache searches (`VectorCacheService::search()`) query the default namespace. A policy chunk about CTR thresholds could score above 0.95 against a transaction fingerprint, returning a policy text blob as a "cached compliance verdict" — corrupting the cache.
sentinel-l7;Phase: Policy RAG — sentinel:ingest + Query Formulation;Challenge;How would you detect that RAG retrieval is silently returning no context in production?;Log the count of retrieved chunks in `fetchPolicyContext()` at `debug` level — `Log::debug('RAG retrieved N chunks', ['n' => count($chunks)])`. A persistent zero count signals a query formulation or corpus problem. Alternatively, check that `policy_refs` in the stored `audit_narrative` is non-empty after real runs.
sentinel-l7;Phase: Policy RAG — sentinel:ingest + Query Formulation;Decision;Why are policy `.md` files committed to the repo rather than stored externally?;Versioning policy text in git means prompt changes, policy additions, and code changes are visible in the same diff. A policy update that changes retrieval behaviour is traceable to a specific commit.
sentinel-l7;Phase: Synapse-L4 Phase 1 — Axiom Ingestion Foundation;Pattern;How do you add a new AI backend to `ComplianceManager` without touching call sites?;Add a `createFooDriver()` method on the manager, implement `ComplianceDriver::analyze()` in a new class under `App\Services\Compliance`, set `SENTINEL_AI_DRIVER=foo`. The `Manager` base class routes to the right `create*` method automatically.
sentinel-l7;Phase: Synapse-L4 Phase 1 — Axiom Ingestion Foundation;Pattern;Why does `AxiomProcessorService` persist a `ComplianceEvent` even when `anomaly_score` is below the threshold?;No Axiom should be silently dropped. Sub-threshold events are logged with `routed_to_ai = false` and `audit_narrative = null` so the full audit trail is queryable, even for events that didn't need AI analysis.
sentinel-l7;Phase: Synapse-L4 Phase 1 — Axiom Ingestion Foundation;Pattern;What happens to a `ComplianceEvent` if the AI driver throws during `routeToAi()`?;The event is still persisted with `routed_to_ai = true` and `audit_narrative = null`. The error is logged. No exception propagates to the command loop.
sentinel-l7;Phase: Synapse-L4 Phase 1 — Axiom Ingestion Foundation;Pattern;What return shape does `AxiomStreamService::read()` use, and why does it matter for the command loop?;`{messages: array, cursor: string}` — the cursor is always the ID of the last received message, so the command loop can pass it back on the next `XREAD` call to receive only new messages. The shape mirrors `TransactionStreamService::read()` for consistency.
sentinel-l7;Phase: Synapse-L4 Phase 1 — Axiom Ingestion Foundation;Pattern;What arch rule guards `App\Services\Compliance`?;Two rules: drivers must `toImplement('App\Contracts\ComplianceDriver')`, and drivers must not use `App\Http\Controllers`. Both live in `tests/ArchTest.php`.
sentinel-l7;Phase: Synapse-L4 Phase 1 — Axiom Ingestion Foundation;Pattern;Why can `AxiomProcessorServiceTest` construct the service directly rather than resolving it from the container?;Because `AxiomProcessorService` accepts `ComplianceDriver` as a constructor argument. Tests pass a Mockery mock directly — no container bootstrapping needed, which keeps the tests fast and the dependency explicit.
sentinel-l7;Phase: Synapse-L4 Phase 1 — Axiom Ingestion Foundation;Anti-Pattern;Why does Sentinel-L7 use a separate `synapse:axioms` stream key rather than pushing Axioms into the existing transaction stream?;Different data shapes, different consumers, different replay/scaling needs. Mixing them would force every consumer to branch on message type and make independent replay impossible.
sentinel-l7;Phase: Synapse-L4 Phase 1 — Axiom Ingestion Foundation;Anti-Pattern;Why doesn't `WatchAxioms::handle()` contain the threshold check or AI routing logic?;Business logic in Artisan commands can't be tested without bootstrapping the full command. `AxiomProcessorService` owns all routing decisions; the command only renders output. This keeps both independently testable.
sentinel-l7;Phase: Synapse-L4 Phase 1 — Axiom Ingestion Foundation;Challenge;Why must tests mock `AxiomStreamService` rather than calling its `read()` method against a real Redis instance?;`XREAD BLOCK 0` blocks indefinitely until a message arrives. In a test suite that controls no external stream producer, the test would hang forever. Mock the service and return a controlled `{messages, cursor}` payload instead.
sentinel-l7;Phase: Synapse-L4 Phase 1 — Axiom Ingestion Foundation;Challenge;What side effect does `end($array)` have in PHP?;It moves the internal array pointer to the last element. If you later iterate `$array` with `foreach` it resets the pointer, but intermediate `current()` / `next()` calls after `end()` will behave unexpectedly. Assign the last element to a variable first if you need to keep the pointer at the start.
sentinel-l7;Phase: Synapse-L4 Phase 1 — Axiom Ingestion Foundation;Challenge;What naming convention must `ComplianceManager::create*Driver()` methods follow to match a config value like `openrouter`?;The method must be `createOpenrouterDriver()` (all-lowercase after `create`). Laravel's `Manager` lowercases the driver name before constructing the method name, so `OpenRouter` → `createOpenrouterDriver`, not `createOpenRouterDriver`.
sentinel-l7;Phase: Synapse-L4 Phase 1 — Axiom Ingestion Foundation;Decision;If `anomaly_score` equals the configured `axiom_threshold` exactly, is the Axiom routed to AI?;No — routing uses strict `>`. A score exactly at the threshold is treated as sub-threshold, logged with `routed_to_ai = false`. This is a conservative default: borderline events don't consume AI quota.
sentinel-l7;Phase: Compliance Dashboard;Pattern;How does the compliance page stay live without a full page reload?;`router.reload({ only: ['events'] })` in a `setInterval`. Inertia sends a partial XHR request and merges only the `events` prop into the current component state, leaving everything else untouched.
sentinel-l7;Phase: Compliance Dashboard;Pattern;Why use `->through()` on the paginator rather than a Laravel API Resource?;For a single internal page, `->through()` is simpler — one anonymous function, explicit field list, no extra class. API Resources add value when the same shape is reused across multiple endpoints.
sentinel-l7;Phase: Compliance Dashboard;Pattern;How is the flagged/all filter persisted across page navigations on the compliance page?;In the query string. The controller reads `?flagged` via `$request->boolean('flagged', true)` and passes the current state back as `flaggedOnly`. The toggle button calls `router.get('/compliance', { flagged: 0|1 })` to update it.
sentinel-l7;Phase: Compliance Dashboard;Anti-Pattern;Why is `->through()` preferred over `->toArray()` when shaping paginated data for Inertia?;`->toArray()` passes every model attribute. `->through()` with an explicit shape is an intentional contract — adding a column to the table doesn't silently expose it to the frontend.
sentinel-l7;Phase: Dev Pipeline Integration + Cross-System Stream Format Bug;Pattern;Why use `BLOCK 2000` instead of `BLOCK 0` for XREAD against Upstash?;Upstash is a remote TCP connection with a finite read timeout. `BLOCK 0` holds the connection open indefinitely; when Upstash's timeout fires, Predis throws an exception and the process exits. `BLOCK 2000` returns null after 2 seconds, the loop iterates cleanly, and no exception is thrown.
sentinel-l7;Phase: Dev Pipeline Integration + Cross-System Stream Format Bug;Pattern;What does Predis return for stream message fields when using `executeRaw`, and how does this interact with a Python publisher?;A flat indexed array: `['field', 'value', 'field', 'value', ...]`. Python's `redis-py` `xadd({'key': 'value'})` publishes individual fields. The PHP consumer must zip the flat array into a PHP associative array — you can't access fields by name directly from the raw Predis response.
sentinel-l7;Phase: Dev Pipeline Integration + Cross-System Stream Format Bug;Anti-Pattern;What is the risk of writing tests that mock stream messages in the publisher's format when the real producer is a separate system?;Tests pass against a format the real producer never emits. The bug only surfaces when the live cross-system flow runs. Test helpers should mirror the actual producer's format — in this case the Python sidecar's flat-field layout, not the PHP service's JSON-blob layout.
sentinel-l7;Phase: Dev Pipeline Integration + Cross-System Stream Format Bug;Anti-Pattern;What is the debugging approach when `--kill-others` in `concurrently` causes all processes to die?;Run the crashing process directly (`php artisan sentinel:watch-axioms`) to read its actual error output — `concurrently` swallows early output and only shows the exit code. Isolate before diagnosing.
sentinel-l7;Phase: Dev Pipeline Integration + Cross-System Stream Format Bug;Challenge;What made these two bugs difficult to catch in isolation?;The TCP timeout only triggers after the read timeout elapses with no traffic — a 5-second `timeout` in testing wouldn't hit it. The format mismatch only triggers when a Python-emitted message is in the stream — tests used a PHP-format mock. Both required real cross-system conditions to surface.
sentinel-l7;Phase: Dev Pipeline Integration + Cross-System Stream Format Bug;Challenge;If `WatchAxiomsTest` was passing before the bug fix, why did the production consumer fail?;The tests mocked the stream in the PHP publisher's format (single `data` JSON field). The real producer is the Python sidecar, which uses individual fields. The tests validated a format that no real producer ever emits — internal consistency masked an external contract bug.
sentinel-l7;Phase: Dev Pipeline Integration + Cross-System Stream Format Bug;Decision;Why cast `anomaly_score` to float in `WatchAxioms` rather than in `AxiomProcessorService`?;`AxiomProcessorService` already does `(float) ($data['anomaly_score'] ?? 0.0)`, but the processor should receive consistent types regardless of origin. Casting at the command level means the processor isn't responsible for knowing that Python publishes strings. Separation of concerns: command normalises the wire format, processor applies business logic.
sentinel-l7;Phase: Operational Debugging — Backlog Drain + Quota + Pagination;Pattern;What is the fastest way to determine whether a persistence bug is in the write path or the read path?;Query the DB directly — `php artisan tinker --execute="echo ModelName::count();"`. If the count matches expectations, the write path is fine and the issue is in the read/display layer. If the count is low, investigate the service or model.
sentinel-l7;Phase: Operational Debugging — Backlog Drain + Quota + Pagination;Anti-Pattern;What UI signal on the compliance dashboard indicates the actual total record count, independent of pagination?;The `meta.total` value displayed in the `CardHeader` of the events card. It reflects the full unpaginated count from the controller, not just the current page.
sentinel-l7;Phase: Operational Debugging — Backlog Drain + Quota + Pagination;Challenge;What happens to a `ComplianceEvent` when Gemini returns a 429 during `routeToAi()`?;The `try/catch(\Throwable)` in `routeToAi()` catches the 429 error, logs it at `Log::error`, and still calls `ComplianceEvent::create()` with `routed_to_ai = true` and `audit_narrative = null`. The row is persisted; only the narrative is missing. No data loss.
sentinel-l7;Phase: OpenRouterDriver — SENTINEL_AI_DRIVER=openrouter;Pattern;What is the structural difference between a Gemini API request and an OpenRouter/OpenAI-compatible request?;Gemini wraps the prompt in `contents: [{parts: [{text: ...}]}]` and returns via `candidates.0.content.parts.0.text`. OpenRouter (OpenAI format) uses `messages: [{role: "user", content: ...}]` and returns via `choices.0.message.content`. Auth also differs: Gemini uses a `?key=` query param; OpenRouter uses `Authorization: Bearer` header.
sentinel-l7;Phase: OpenRouterDriver — SENTINEL_AI_DRIVER=openrouter;Pattern;What makes two AI drivers genuinely interchangeable rather than just interface-compatible?;Identical prompt text, identical expected response schema, and identical response parsing. If the prompt changes between drivers, models may produce different output shapes even if both return the same field names. True interoperability requires the same prompt contract across drivers.
sentinel-l7;Phase: OpenRouterDriver — SENTINEL_AI_DRIVER=openrouter;Anti-Pattern;Why can't `OpenRouterDriver` use structured output mode the way `GeminiDriver` does?;`responseMimeType: application/json` is a Gemini-specific parameter. OpenRouter routes to many different models; enforced JSON output is model-dependent. The driver falls back to prompt-based instruction + `parseResponse()` fallback for malformed replies.
sentinel-l7;Phase: OpenRouterDriver — SENTINEL_AI_DRIVER=openrouter;Challenge;How do you assert that a specific HTTP header was sent in a Laravel test without hitting a real API?;Use `Http::fake()` to intercept the request, then `Http::assertSent(fn($req) => $req->hasHeader('Authorization', 'Bearer ...'))` after the call. `Http::fake()` records all outbound requests, so `assertSent` can inspect headers, body, and URL.
sentinel-l7;Phase: Synapse-L4 XCLAIM Recovery — sentinel:reclaim-axioms;Pattern;What is the difference between `XREAD` and `XREADGROUP` for fault tolerance?;`XREAD` is stateless — delivery is fire-and-forget. `XREADGROUP` maintains a Pending Entry List: every delivered-but-unacknowledged message is tracked. A crashed worker leaves its messages in the PEL where a reclaimer can find and reprocess them via `XCLAIM`/`XAUTOCLAIM`. `XREAD` provides at-most-once delivery; `XREADGROUP` + `XACK` provides at-least-once.
sentinel-l7;Phase: Synapse-L4 XCLAIM Recovery — sentinel:reclaim-axioms;Pattern;Why prefer `XAUTOCLAIM` over `XPENDING` + `XCLAIM` for reclaimer logic?;`XAUTOCLAIM` is one round trip: scan + reassign + return in a single command. `XPENDING` + `XCLAIM` requires reading the pending list first, then issuing a `XCLAIM` for each message — O(N) Redis calls. `XAUTOCLAIM` also accepts a `COUNT` cap so the reclaimer processes a bounded batch per iteration.
sentinel-l7;Phase: Synapse-L4 XCLAIM Recovery — sentinel:reclaim-axioms;Pattern;Why must `ensureConsumerGroup()` be called on every worker startup rather than just once during setup?;The stream key and consumer group may not exist when the worker first starts (cold deploy, wiped Redis). `MKSTREAM` creates the key if absent. Re-calling `XGROUP CREATE` on an existing group returns `BUSYGROUP` which is caught and ignored — it's a no-op in the happy path but a lifesaver on first boot or after a Redis flush.
sentinel-l7;Phase: Synapse-L4 XCLAIM Recovery — sentinel:reclaim-axioms;Pattern;Why is field parsing placed on `AxiomStreamService` rather than kept in each command?;The flat field-value format is a Redis wire-format detail — it belongs with the class that owns the stream protocol, not scattered across consumers. Centralising it means the float-casting logic (for `anomaly_score`, `metric_value`) is tested once and applied consistently.
sentinel-l7;Phase: Synapse-L4 XCLAIM Recovery — sentinel:reclaim-axioms;Anti-Pattern;What happens if you add a reclaimer but the worker still uses plain `XREAD`?;Nothing. `XREAD` never enters messages into the PEL. The PEL stays empty; `XAUTOCLAIM` returns no results on every poll. The reclaimer runs but is permanently a no-op.
sentinel-l7;Phase: Synapse-L4 XCLAIM Recovery — sentinel:reclaim-axioms;Challenge;What Mockery behaviour catches you when you change a service's public API?;Any method called on a `Mockery::mock()` instance that wasn't explicitly set up with `shouldReceive()` throws `BadMethodCallException`. Partial mocks (`Mockery::mock(Foo::class)->makePartial()`) allow unmocked methods to call through to the real implementation — useful for pure helpers like `parseFields()` — but full mocks require all called methods to be declared.
sentinel-l7;Phase: Synapse-L4 Phase 1 — Axiom Ingestion Foundation;Decision;Where do Sentinel-L7's prompt templates live, and why not inline in the PHP service?;`prompts/` at the repo root, as Markdown files. Versioning prompts in git makes diffs legible, enables A/B testing via branches, and keeps the PHP service thin. ADR-0017 documents the governance model.
sentinel-l7;Phase: Synapse-L4 Phase 1 — Axiom Ingestion Foundation;Decision;What is stored in the `driver_used` column of `compliance_events`, and when is it null?;The value of `config('sentinel.ai_driver')` at processing time (e.g., `"gemini"`, `"openrouter"`). It is `null` for sub-threshold events that were never sent to an AI driver.
